{"cameraMode":{"drawMode":0,"name":"Shaded","section":"Shading Mode"},"sceneLighting":true,"audioPlay":false,"sceneViewState":{"m_AlwaysRefresh":false,"showFog":true,"showSkybox":true,"showFlares":true,"showImageEffects":true,"showParticleSystems":true,"showVisualEffectGraphs":true,"m_FxEnabled":true},"in2DMode":false,"pivot":{"x":11.788583755493164,"y":3.0521724224090578,"z":19.815507888793947},"rotation":{"x":0.02652234211564064,"y":-0.8183534145355225,"z":0.03794946148991585,"w":0.57308429479599},"size":-0.6339033842086792,"orthographic":false}